Gran_Santiago,Gran Concepcion,Gran Valparaíso,Gran La Serena,Antofagasta,Gran Temuco,Gran Rancagua,Gran Iquique,Talca,Arica,Gran Puerto Montt,Gran Chillán,Los Ángeles,Calama,Copiapó,Osorno,Gran Quillota,Valdivia,Punta Arenas,Gran San Antonio,Curicó,Ovalle,Linares,Los Andes,Melipilla,San Felipe
Avenida Blanco Encalada,Lautaro ,Yungay,Av. El Santo,Maipu,Av San Martin,Rubio,Av. Tadeo Haenke,Dos Sur,Alejandro Azolas,San Ignacio,O’higgins,Camino Maria Dolores,Av. Grecia,Circunvalacion,Manuel Rodriguez,Valparaiso,Gral Lagos,Capitan Juan Guillermos,Independencia ,Arturo Alessandri,Maestranza,Pdtte ibanez,Sta Teresa,Las Torres,Encon
Avenida Brasil,Manuel Gutierrez,Chacabuco,Gomez Carreño,21 de Mayo,Hochstettr,San Martin,Genaro Gallo,Cuatro Norte,Gonzalo Cerda,Cristian Brahm,Collin,Las azaleas,Arturo Prat,Jose M. Infancia,Los Carrera,Arauco Pte.,Av. Simpson,Claudio Bustos,Barros Luco,Camilo Henriquez,Av. Benavente,J Espinoza,Argentina,Libertad,Maipú
Avenida Ejercito Libertador,Jenequeo,Pedro Montt,Juan Antonio Rios,Capitan Carlos Condell,León Gallo,Estado,Av. Arturo Prat Chacón,Calle 1 Pte.,Tucapel,Jose Manuel Balmaceda,Argentina,Orompello,Maipú,Atacama,Errazuriz,Calle Lorca,Francia,Gral. E. del Canto,Anibal Pinto,Balmaceda,Ovalle- Combarbala,Leon Bustos,Rancagua,Manso,Hnos Carrera
Avenida General Rondizzoni,Ventus,Victoria,Carlos Lambert,Arturo Prat,Av. Pablo Neruda,Alcazar,Av. Santiago Polanco,Tres Sur,Loa,Talca,Sepulveda Bustos,Janequeo,Av. Chorrillos,Av. copayapu Av. Copayapu,Anibal Pinto,Av. Condell,Av. Pedro Montt,Av. Pdte Eduardo Frei Montalva,Divina Providencia,Gral Freite,CompusPro,Rengo,Independencia,Riquelme,Yungay
Avenida Libertador Bernardo Ohiggins,Palcavi,Independencia,California,Antonio Jose de Sucre,Arauco,Almarza,Av. La Tirana,Cuatro Sur,Esteban Rios,Dr Martin,Baquedano,Ercilla,Tarapaca,Carlos Carrera,Zenteno,Ramón Freite,Ecuador,Capitán Ignacio Carrera Pinto,El Arrayán ,Calle Uno,SoldadoSanchez,San Martín,Esmeralda,San Miguel,Hnos Carrera
Avenida Manuel Antonio Matta,Hugo Montriou,Av.Colon,Gabriel Gonzalez Videla,Mall Plaza,Imperial,Jose Domingo Mujica,Cerro Dragon,Cinco Sur,Renato Rocca,Padre Hartes,Libertad,Almagro,Av. Almte. Grau,Los Loros,Cesar Ercilla,La Concepcion,Don Bosco,El Ovejero,Gral. Manuel Baquedano,Estado,Tangue,Arturo Prat,Av. Sarmiento,Barros,Pje Uno
Avenida Matucana,Juan de Dios Rivera,Freire,Reinaldo Boltz,Simon Bolivar,Sta Carolina,Av. Capitan Ramon Freire,El Tamarugal,Siete Sur,Santa Maria,Sta Teresa,El Roble,Villagran,Alemania,Lastarria,Alcalde René Soriano Borquez,Pudeto,Av. Arturo Prat,Homillas,Circunvalacion Los Aromos,Argomedo,Ariztía Oriente,A Panimavida,Cacique Vitacura,Ortuzar,Montaña
Avenida San Diego,Paredes,Lastra,El Roble,Teniente Ignacio Serrano,Caupolican,Caceres,Valle Central,Once Ote,Barros Arana,Santa Maria,Maipo,Rengo,Huaytiquina,Rivera Medina,Diego de Almagro,Calle Herboso,Av. Ramón Picarte ,Enrique Abello,Rosedal,Villota,La Chimba,Maipu,Chacay,Valdes,Encon
Calle Agustinas,Galvarino,Las Monjas,Marcela Paz,Covadonga,Av. Alemania,Av. Illanes,Las Nevadas,Cancha Rayada,Santa Maria,Ejercito,Cocharcas,Tucapel,Emilio Sotomayor,Carlos Condell,Av. Francia,Rafael Ariztia,Av. Simpson,av. Pdte. Manuel Bulnes,Tarapacá,España,Maestranza,Valentin Letelier,Pascual Baburizza,Pdte. Demetrio Bravo,Maipú
Calle Bandera,Gaete,Seray,Francisco Encina,Copiapo,Arturo Alessandri,rRivera,Aeropuerto,Dos Sur,A. Luis Beretta Porcel,Regimiento,Purén,Lautaro,Pedro de Valdivia,El capacho,Manuel Rodriguez,Vicuña Mackenna,Errazuriz,Av. Pdte. Pedro Aguirre Cerda,Juan Fernandes,Carrera,Av. Benavente,Av. Coronel Artilleria Luis Carrera,Enrique de la Fuente,Jose Massoud Sarquis,Hnos Carrera
Calle Catedral,Hugo Montriou,Vallejos,Almirante Allard,Chuquisaca,Recreo,Sta Maria,Rancagua,Cuatro Norte,Bogotá,Libertad,Claudioo Arrau,Av. Las Industrias,Tocopollia,Rafael Sotomayor,Los Carrera,Carrera,Patricio Lynch,Av. Pdte. Jorge Alessandri,Divina Providencia,Vidal,Ovalle- Combarbala,Av. Circunvalacion Nte.,Sta Teresa,Autopista del Sol,Yungay
Calle Companiaa,Hugo Montriou,San Ignacio,Av. Estadio,Mendez,Prieto Nte,Grecia,Jose Francisco Vergara,Calle 1 Pte.,Av. Capitan Avalos,Padre Hartes,Carrera,Sor. Vicente,Vargas,El Chañar,Errazuriz,Cobre,Baquedano,Av. Pdte Eduardo Frei Montalva,El Arrayán ,Tocopilla,CompusPro,Independencia,Argentina,Las Torres,Hnos Carrera
Calle Esmeralda,Huerfanos,Brasil,Pintor Enrique Lobos,Panamá,Lautaro,Munich,Sotomayor,Tres Sur,Linderos,Pdte Ibanez,Arauco,Av. Vicuña Mackenna,El Lod,Andacollo,Anibal Pinto,Yugay Ote.,Rio Choapa,Homillas,Circunvalacion Los Aromos,Argomedo,SoldadoSanchez,Kurt,Rancagua,Libertad,Pje Uno
Calle Franklin,Ester. Roa,Condell,Abraham Lincoln,Ecuador,Las Heras,Roma,Diego Portales,Cuatro Sur,Av. Santiago Arata,Quemchi,5 de Abril,Av. Octavio Jara Wolff,Av. Grecia,Circunvalacion,Zenteno,Sumatra ,Rio Limarí,Enrique Abello,Rosedal,Villota,Tangue,Pdtte ibanez,Independencia,Manso,Montaña
Calle Ismael Valdes Vergara,Azul,Ecuador Pudeto,Av. Juan Cisternas,Galvarino,Antonio Varas,Acevedo,Manuel Bulnes,Cinco Sur,Amador Neghme,Cuarta Terraza,Sitata,Villagran,Hurtado Mendoza,Jose M. Infancia,Cesar Ercilla,Esmeralda,Baltazar Mejillas,av. Pdte. Manuel Bulnes,Tarapacá,España,CompusPro,J Espinoza,Esmeralda,Riquelme,Yungay
Calle Jose Miguel de La Barra,Rojo,Yungay,Adolfo Ballas,Atacama,Coquimbo,Toledo,Juan Martinez,Siete Sur,Graneros ,Av. Marcelo Fourcade,Bulnes,Rengo,Av. Grecia,Atacama,Alcalde René Soriano Borquez,Juan Bautista Alberdi,Gral Lagos,Av. Pdte. Pedro Aguirre Cerda,Juan Fernandes,Carrera,Maestranza,Pdtte ibanez,Sta Teresa,Las Torres,Encon
Calle Mac-Iver,Ainavillo,Chacabuco,Av. Gabriela Mistral,Porras,León Gallo,Av.Republica de Chile,Arturo Fernandez,Once Ote,Alejandro Azolas,Los Robles,El Roble,Tucapel,Arturo Prat,Av. copayapu Av. Copayapu,Diego de Almagro,La Industria,Av. Simpson,Claudio Bustos,Barros Luco,Camilo Henriquez,Av. Benavente,J Espinoza,Argentina,Libertad,Maipú
Calle Merced,Bellavista,Pedro Montt,Benito Rebolledo Cortea,Chiloé,Av. Pablo Neruda,Sta Maria,Esmeralda,Cancha Rayada,Gonzalo Cerda,Sta Teresa,Maipo,Lautaro,Maipú,Carlos Carrera,Av. Francia,A Limache,Francia,Gral. E. del Canto,Anibal Pinto,Balmaceda,Ovalle- Combarbala,Leon Bustos,Rancagua,Manso,Hnos Carrera
Calle Monjitas,Janequeo,Victoria,Los Cedros,Los Vilos,Arauco,Grecia,Sotomayor,Dos Sur,Tucapel,Santa Maria,Cocharcas,Av. Las Industrias,Av. Chorrillos,Los Loros,Manuel Rodriguez,Agustin Avezon,Av. Pedro Montt,Av. Pdte Eduardo Frei Montalva,Divina Providencia,Gral Freite,CompusPro,Rengo,Independencia,Riquelme,Yungay
Calle de Morande,El Carmen,Independencia,Adolfo Ballas,La Calera,Imperial,Munich,Diego Portales,Cuatro Norte,Loa,Ejercito,Purén,Sor. Vicente,Tarapaca,Lastarria,Los Carrera,Calle Herboso,Ecuador,Capitán Ignacio Carrera Pinto,El Arrayán ,Calle Uno,SoldadoSanchez,San Martín,Esmeralda,San Miguel,Hnos Carrera
Calle San Antonio,La Union,Av.Colon,Raul Bitran,Llanquihue,Sta Carolina,Roma,Manuel Bulnes,Calle 1 Pte.,Esteban Rios,Regimiento,Claudioo Arrau,Av. Vicuña Mackenna,Av. Almte. Grau,Rivera Medina,Errazuriz,Rafael Ariztia,Don Bosco,El Ovejero,Gral. Manuel Baquedano,Estado,Tangue,Arturo Prat,Av. Sarmiento,Barros,Pje Uno
Calle Santo Domingo,Ciro Pacheco,Freire,Av. Juan Cisternas,Osorno,Caupolican,Acevedo,Juan Martinez,Tres Sur,Renato Rocca,Libertad,Carrera,Av. Octavio Jara Wolff,Alemania,Carlos Condell,Av. Francia,Vicuña Mackenna,Av. Arturo Prat,Homillas,Circunvalacion Los Aromos,Argomedo,Ariztía Oriente,A Panimavida,Cacique Vitacura,Ortuzar,Montaña
Calle Victoria Subercaseaux,Benito Perez,Lastra,Adolfo Ballas,Llanquihue,Av. Alemania,Toledo,Arturo Fernandez,Cuatro Sur,Santa Maria,Padre Hartes,Arauco,Villagran,Huaytiquina,El capacho,Manuel Rodriguez,Carrera,Don Bosco,El Ovejero,Gral. Manuel Baquedano,Estado,Tangue,Arturo Prat,Av. Sarmiento,Barros,Pje Uno
Calle 21 de Mayo,Pasaje Uno Pelantaro,Las Monjas,Av. Gabriela Mistral,Osorno,Arturo Alessandri,Av.Republica de Chile,Esmeralda,Cinco Sur,A. Luis Beretta Porcel,Pdte Ibanez,Carrera,Rengo,Emilio Sotomayor,Rafael Sotomayor,Los Carrera,Cobre,Av. Arturo Prat,Homillas,Circunvalacion Los Aromos,Argomedo,Ariztía Oriente,A Panimavida,Cacique Vitacura,Ortuzar,Montaña
